{"stats":{"minecraft:custom":{"minecraft:jump":36,"minecraft:time_since_rest":8168,"minecraft:damage_dealt":20,"minecraft:leave_game":5,"minecraft:crouch_one_cm":249,"minecraft:play_time":8168,"minecraft:sprint_one_cm":16189,"minecraft:time_since_death":8168,"minecraft:walk_one_cm":34566,"minecraft:sneak_time":151,"minecraft:total_world_time":8168,"minecraft:mob_kills":1,"minecraft:fly_one_cm":2647},"minecraft:killed":{"alexsmobs:fly":1},"minecraft:mined":{"minecraft:grass":3,"minecraft:grass_block":1},"minecraft:picked_up":{"alexsmobs:maggot":1,"minecraft:wheat_seeds":1,"minecraft:dirt":1},"minecraft:used":{"minecraft:dirt":1}},"DataVersion":3465}